{
  "knn": {
    "accuracy": 0.865296803652968,
    "precision": 0.8995633187772926,
    "recall": 0.8512396694214877,
    "f1": 0.8747346072186837,
    "auc": 0.9332728959352334,
    "cv_mean": 0.8835685795685796,
    "cv_std": 0.017863676631964382,
    "confusion_matrix": [
      [
        173,
        23
      ],
      [
        36,
        206
      ]
    ]
  },
  "svm": {
    "accuracy": 0.906392694063927,
    "precision": 0.9205020920502092,
    "recall": 0.9090909090909091,
    "f1": 0.9147609147609148,
    "auc": 0.9499704840613932,
    "cv_mean": 0.8984126984126984,
    "cv_std": 0.0176724867083266,
    "confusion_matrix": [
      [
        177,
        19
      ],
      [
        22,
        220
      ]
    ]
  },
  "logistic": {
    "accuracy": 0.8698630136986302,
    "precision": 0.8936170212765957,
    "recall": 0.8677685950413223,
    "f1": 0.8805031446540881,
    "auc": 0.936561814808568,
    "cv_mean": 0.8658722018722018,
    "cv_std": 0.007985134068711215,
    "confusion_matrix": [
      [
        171,
        25
      ],
      [
        32,
        210
      ]
    ]
  },
  "gradient_boost": {
    "accuracy": 0.9246575342465754,
    "precision": 0.9336099585062241,
    "recall": 0.9297520661157025,
    "f1": 0.9316770186335404,
    "auc": 0.9717068645640073,
    "cv_mean": 0.9115343915343915,
    "cv_std": 0.008964719239203304,
    "confusion_matrix": [
      [
        180,
        16
      ],
      [
        17,
        225
      ]
    ]
  },
  "cnn": {
    "accuracy": 0.8858447488584474,
    "precision": 0.9173913043478261,
    "recall": 0.871900826446281,
    "f1": 0.8940677966101694,
    "auc": 0.9539762185866082,
    "confusion_matrix": [
      [
        177,
        19
      ],
      [
        31,
        211
      ]
    ]
  },
  "cnn_lstm": {
    "accuracy": 0.9018264840182648,
    "precision": 0.919831223628692,
    "recall": 0.9008264462809917,
    "f1": 0.9102296450939458,
    "auc": 0.9572862202732333,
    "confusion_matrix": [
      [
        177,
        19
      ],
      [
        24,
        218
      ]
    ]
  }
}