{
  "mean": [
    0.1449657865774916,
    0.009046290344731407,
    1.2701725113501967,
    -0.35574117482689144,
    -0.4114991579026891,
    -0.1020190539403102,
    -0.03447773913789227,
    -0.08101872778452987,
    -0.12271331047753645,
    -0.5510294019410648,
    0.05628137405981309,
    -0.663568435902983
  ],
  "scale": [
    0.7884406828119043,
    0.9942888263729214,
    1.5433836839709019,
    0.8758768810980053,
    0.9692935782984026,
    0.9478449661649717,
    1.071622131626813,
    0.8717583767046196,
    0.9919474427075756,
    0.972842402543429,
    0.8088979151792103,
    0.9376237854306024
  ]
}